StopName,ArrivalTime,DepartureTime
Flower Market,06:40:00,06:40:00
F-7 Markaz,06:41:36,06:41:56
Kohsar Road,06:44:08,06:44:28
Parveen Shakir Road,06:46:08,06:46:28
Faisal Masjid,06:49:25,06:49:45
Naval Complex,06:52:05,06:52:25
Bahria University,06:53:35,06:53:55
Shaheen Chowk,06:56:45,06:57:05
F-9 Park,06:57:45,06:58:05
F-8 Markaz,07:00:15,07:00:35
Katchery,07:01:45,07:02:05
PIMS Metro Station,07:04:55,07:05:15
PIMS Hospital,07:10:00,07:10:00
Flower Market,06:50:00,06:50:00
F-7 Markaz,06:51:36,06:51:56
Kohsar Road,06:54:08,06:54:28
Parveen Shakir Road,06:56:08,06:56:28
Faisal Masjid,06:59:25,06:59:45
Naval Complex,07:02:05,07:02:25
Bahria University,07:03:35,07:03:55
Shaheen Chowk,07:06:45,07:07:05
F-9 Park,07:07:45,07:08:05
F-8 Markaz,07:10:15,07:10:35
Katchery,07:11:45,07:12:05
PIMS Metro Station,07:14:55,07:15:15
PIMS Hospital,07:20:00,07:20:00
Flower Market,07:00:00,07:00:00
F-7 Markaz,07:01:36,07:01:56
Kohsar Road,07:04:08,07:04:28
Parveen Shakir Road,07:06:08,07:06:28
Faisal Masjid,07:09:25,07:09:45
Naval Complex,07:12:05,07:12:25
Bahria University,07:13:35,07:13:55
Shaheen Chowk,07:16:45,07:17:05
F-9 Park,07:17:45,07:18:05
F-8 Markaz,07:20:15,07:20:35
Katchery,07:21:45,07:22:05
PIMS Metro Station,07:24:55,07:25:15
PIMS Hospital,07:30:00,07:30:00
Flower Market,07:10:00,07:10:00
F-7 Markaz,07:11:36,07:11:56
Kohsar Road,07:14:08,07:14:28
Parveen Shakir Road,07:16:08,07:16:28
Faisal Masjid,07:19:25,07:19:45
Naval Complex,07:22:05,07:22:25
Bahria University,07:23:35,07:23:55
Shaheen Chowk,07:26:45,07:27:05
F-9 Park,07:27:45,07:28:05
F-8 Markaz,07:30:15,07:30:35
Katchery,07:31:45,07:32:05
PIMS Metro Station,07:34:55,07:35:15
PIMS Hospital,07:40:00,07:40:00
Flower Market,07:20:00,07:20:00
F-7 Markaz,07:21:36,07:21:56
Kohsar Road,07:24:08,07:24:28
Parveen Shakir Road,07:26:08,07:26:28
Faisal Masjid,07:29:25,07:29:45
Naval Complex,07:32:05,07:32:25
Bahria University,07:33:35,07:33:55
Shaheen Chowk,07:36:45,07:37:05
F-9 Park,07:37:45,07:38:05
F-8 Markaz,07:40:15,07:40:35
Katchery,07:41:45,07:42:05
PIMS Metro Station,07:44:55,07:45:15
PIMS Hospital,07:50:00,07:50:00
Flower Market,07:30:00,07:30:00
F-7 Markaz,07:31:36,07:31:56
Kohsar Road,07:34:08,07:34:28
Parveen Shakir Road,07:36:08,07:36:28
Faisal Masjid,07:39:25,07:39:45
Naval Complex,07:42:05,07:42:25
Bahria University,07:43:35,07:43:55
Shaheen Chowk,07:46:45,07:47:05
F-9 Park,07:47:45,07:48:05
F-8 Markaz,07:50:15,07:50:35
Katchery,07:51:45,07:52:05
PIMS Metro Station,07:54:55,07:55:15
PIMS Hospital,08:00:00,08:00:00
Flower Market,07:40:00,07:40:00
F-7 Markaz,07:41:36,07:41:56
Kohsar Road,07:44:08,07:44:28
Parveen Shakir Road,07:46:08,07:46:28
Faisal Masjid,07:49:25,07:49:45
Naval Complex,07:52:05,07:52:25
Bahria University,07:53:35,07:53:55
Shaheen Chowk,07:56:45,07:57:05
F-9 Park,07:57:45,07:58:05
F-8 Markaz,08:00:15,08:00:35
Katchery,08:01:45,08:02:05
PIMS Metro Station,08:04:55,08:05:15
PIMS Hospital,08:10:00,08:10:00
Flower Market,07:50:00,07:50:00
F-7 Markaz,07:51:36,07:51:56
Kohsar Road,07:54:08,07:54:28
Parveen Shakir Road,07:56:08,07:56:28
Faisal Masjid,07:59:25,07:59:45
Naval Complex,08:02:05,08:02:25
Bahria University,08:03:35,08:03:55
Shaheen Chowk,08:06:45,08:07:05
F-9 Park,08:07:45,08:08:05
F-8 Markaz,08:10:15,08:10:35
Katchery,08:11:45,08:12:05
PIMS Metro Station,08:14:55,08:15:15
PIMS Hospital,08:20:00,08:20:00
Flower Market,08:00:00,08:00:00
F-7 Markaz,08:01:36,08:01:56
Kohsar Road,08:04:08,08:04:28
Parveen Shakir Road,08:06:08,08:06:28
Faisal Masjid,08:09:25,08:09:45
Naval Complex,08:12:05,08:12:25
Bahria University,08:13:35,08:13:55
Shaheen Chowk,08:16:45,08:17:05
F-9 Park,08:17:45,08:18:05
F-8 Markaz,08:20:15,08:20:35
Katchery,08:21:45,08:22:05
PIMS Metro Station,08:24:55,08:25:15
PIMS Hospital,08:30:00,08:30:00
Flower Market,08:10:00,08:10:00
F-7 Markaz,08:11:36,08:11:56
Kohsar Road,08:14:08,08:14:28
Parveen Shakir Road,08:16:08,08:16:28
Faisal Masjid,08:19:25,08:19:45
Naval Complex,08:22:05,08:22:25
Bahria University,08:23:35,08:23:55
Shaheen Chowk,08:26:45,08:27:05
F-9 Park,08:27:45,08:28:05
F-8 Markaz,08:30:15,08:30:35
Katchery,08:31:45,08:32:05
PIMS Metro Station,08:34:55,08:35:15
PIMS Hospital,08:40:00,08:40:00
Flower Market,08:20:00,08:20:00
F-7 Markaz,08:21:36,08:21:56
Kohsar Road,08:24:08,08:24:28
Parveen Shakir Road,08:26:08,08:26:28
Faisal Masjid,08:29:25,08:29:45
Naval Complex,08:32:05,08:32:25
Bahria University,08:33:35,08:33:55
Shaheen Chowk,08:36:45,08:37:05
F-9 Park,08:37:45,08:38:05
F-8 Markaz,08:40:15,08:40:35
Katchery,08:41:45,08:42:05
PIMS Metro Station,08:44:55,08:45:15
PIMS Hospital,08:50:00,08:50:00
Flower Market,08:30:00,08:30:00
F-7 Markaz,08:31:36,08:31:56
Kohsar Road,08:34:08,08:34:28
Parveen Shakir Road,08:36:08,08:36:28
Faisal Masjid,08:39:25,08:39:45
Naval Complex,08:42:05,08:42:25
Bahria University,08:43:35,08:43:55
Shaheen Chowk,08:46:45,08:47:05
F-9 Park,08:47:45,08:48:05
F-8 Markaz,08:50:15,08:50:35
Katchery,08:51:45,08:52:05
PIMS Metro Station,08:54:55,08:55:15
PIMS Hospital,09:00:00,09:00:00
Flower Market,08:40:00,08:40:00
F-7 Markaz,08:41:36,08:41:56
Kohsar Road,08:44:08,08:44:28
Parveen Shakir Road,08:46:08,08:46:28
Faisal Masjid,08:49:25,08:49:45
Naval Complex,08:52:05,08:52:25
Bahria University,08:53:35,08:53:55
Shaheen Chowk,08:56:45,08:57:05
F-9 Park,08:57:45,08:58:05
F-8 Markaz,09:00:15,09:00:35
Katchery,09:01:45,09:02:05
PIMS Metro Station,09:04:55,09:05:15
PIMS Hospital,09:10:00,09:10:00
Flower Market,08:50:00,08:50:00
F-7 Markaz,08:51:36,08:51:56
Kohsar Road,08:54:08,08:54:28
Parveen Shakir Road,08:56:08,08:56:28
Faisal Masjid,08:59:25,08:59:45
Naval Complex,09:02:05,09:02:25
Bahria University,09:03:35,09:03:55
Shaheen Chowk,09:06:45,09:07:05
F-9 Park,09:07:45,09:08:05
F-8 Markaz,09:10:15,09:10:35
Katchery,09:11:45,09:12:05
PIMS Metro Station,09:14:55,09:15:15
PIMS Hospital,09:20:00,09:20:00
Flower Market,09:00:00,09:00:00
F-7 Markaz,09:01:36,09:01:56
Kohsar Road,09:04:08,09:04:28
Parveen Shakir Road,09:06:08,09:06:28
Faisal Masjid,09:09:25,09:09:45
Naval Complex,09:12:05,09:12:25
Bahria University,09:13:35,09:13:55
Shaheen Chowk,09:16:45,09:17:05
F-9 Park,09:17:45,09:18:05
F-8 Markaz,09:20:15,09:20:35
Katchery,09:21:45,09:22:05
PIMS Metro Station,09:24:55,09:25:15
PIMS Hospital,09:30:00,09:30:00
Flower Market,09:10:00,09:10:00
F-7 Markaz,09:11:36,09:11:56
Kohsar Road,09:14:08,09:14:28
Parveen Shakir Road,09:16:08,09:16:28
Faisal Masjid,09:19:25,09:19:45
Naval Complex,09:22:05,09:22:25
Bahria University,09:23:35,09:23:55
Shaheen Chowk,09:26:45,09:27:05
F-9 Park,09:27:45,09:28:05
F-8 Markaz,09:30:15,09:30:35
Katchery,09:31:45,09:32:05
PIMS Metro Station,09:34:55,09:35:15
PIMS Hospital,09:40:00,09:40:00
Flower Market,09:20:00,09:20:00
F-7 Markaz,09:21:36,09:21:56
Kohsar Road,09:24:08,09:24:28
Parveen Shakir Road,09:26:08,09:26:28
Faisal Masjid,09:29:25,09:29:45
Naval Complex,09:32:05,09:32:25
Bahria University,09:33:35,09:33:55
Shaheen Chowk,09:36:45,09:37:05
F-9 Park,09:37:45,09:38:05
F-8 Markaz,09:40:15,09:40:35
Katchery,09:41:45,09:42:05
PIMS Metro Station,09:44:55,09:45:15
PIMS Hospital,09:50:00,09:50:00
Flower Market,09:30:00,09:30:00
F-7 Markaz,09:31:36,09:31:56
Kohsar Road,09:34:08,09:34:28
Parveen Shakir Road,09:36:08,09:36:28
Faisal Masjid,09:39:25,09:39:45
Naval Complex,09:42:05,09:42:25
Bahria University,09:43:35,09:43:55
Shaheen Chowk,09:46:45,09:47:05
F-9 Park,09:47:45,09:48:05
F-8 Markaz,09:50:15,09:50:35
Katchery,09:51:45,09:52:05
PIMS Metro Station,09:54:55,09:55:15
PIMS Hospital,10:00:00,10:00:00
Flower Market,09:40:00,09:40:00
F-7 Markaz,09:41:36,09:41:56
Kohsar Road,09:44:08,09:44:28
Parveen Shakir Road,09:46:08,09:46:28
Faisal Masjid,09:49:25,09:49:45
Naval Complex,09:52:05,09:52:25
Bahria University,09:53:35,09:53:55
Shaheen Chowk,09:56:45,09:57:05
F-9 Park,09:57:45,09:58:05
F-8 Markaz,10:00:15,10:00:35
Katchery,10:01:45,10:02:05
PIMS Metro Station,10:04:55,10:05:15
PIMS Hospital,10:10:00,10:10:00
Flower Market,09:50:00,09:50:00
F-7 Markaz,09:51:36,09:51:56
Kohsar Road,09:54:08,09:54:28
Parveen Shakir Road,09:56:08,09:56:28
Faisal Masjid,09:59:25,09:59:45
Naval Complex,10:02:05,10:02:25
Bahria University,10:03:35,10:03:55
Shaheen Chowk,10:06:45,10:07:05
F-9 Park,10:07:45,10:08:05
F-8 Markaz,10:10:15,10:10:35
Katchery,10:11:45,10:12:05
PIMS Metro Station,10:14:55,10:15:15
PIMS Hospital,10:20:00,10:20:00
Flower Market,10:10:00,10:10:00
F-7 Markaz,10:11:36,10:11:56
Kohsar Road,10:14:08,10:14:28
Parveen Shakir Road,10:16:08,10:16:28
Faisal Masjid,10:19:25,10:19:45
Naval Complex,10:22:05,10:22:25
Bahria University,10:23:35,10:23:55
Shaheen Chowk,10:26:45,10:27:05
F-9 Park,10:27:45,10:28:05
F-8 Markaz,10:30:15,10:30:35
Katchery,10:31:45,10:32:05
PIMS Metro Station,10:34:55,10:35:15
PIMS Hospital,10:40:00,10:40:00
Flower Market,10:20:00,10:20:00
F-7 Markaz,10:21:36,10:21:56
Kohsar Road,10:24:08,10:24:28
Parveen Shakir Road,10:26:08,10:26:28
Faisal Masjid,10:29:25,10:29:45
Naval Complex,10:32:05,10:32:25
Bahria University,10:33:35,10:33:55
Shaheen Chowk,10:36:45,10:37:05
F-9 Park,10:37:45,10:38:05
F-8 Markaz,10:40:15,10:40:35
Katchery,10:41:45,10:42:05
PIMS Metro Station,10:44:55,10:45:15
PIMS Hospital,10:50:00,10:50:00
Flower Market,10:30:00,10:30:00
F-7 Markaz,10:31:36,10:31:56
Kohsar Road,10:34:08,10:34:28
Parveen Shakir Road,10:36:08,10:36:28
Faisal Masjid,10:39:25,10:39:45
Naval Complex,10:42:05,10:42:25
Bahria University,10:43:35,10:43:55
Shaheen Chowk,10:46:45,10:47:05
F-9 Park,10:47:45,10:48:05
F-8 Markaz,10:50:15,10:50:35
Katchery,10:51:45,10:52:05
PIMS Metro Station,10:54:55,10:55:15
PIMS Hospital,11:00:00,11:00:00
Flower Market,10:40:00,10:40:00
F-7 Markaz,10:41:36,10:41:56
Kohsar Road,10:44:08,10:44:28
Parveen Shakir Road,10:46:08,10:46:28
Faisal Masjid,10:49:25,10:49:45
Naval Complex,10:52:05,10:52:25
Bahria University,10:53:35,10:53:55
Shaheen Chowk,10:56:45,10:57:05
F-9 Park,10:57:45,10:58:05
F-8 Markaz,11:00:15,11:00:35
Katchery,11:01:45,11:02:05
PIMS Metro Station,11:04:55,11:05:15
PIMS Hospital,11:10:00,11:10:00
Flower Market,10:50:00,10:50:00
F-7 Markaz,10:51:36,10:51:56
Kohsar Road,10:54:08,10:54:28
Parveen Shakir Road,10:56:08,10:56:28
Faisal Masjid,10:59:25,10:59:45
Naval Complex,11:02:05,11:02:25
Bahria University,11:03:35,11:03:55
Shaheen Chowk,11:06:45,11:07:05
F-9 Park,11:07:45,11:08:05
F-8 Markaz,11:10:15,11:10:35
Katchery,11:11:45,11:12:05
PIMS Metro Station,11:14:55,11:15:15
PIMS Hospital,11:20:00,11:20:00
Flower Market,11:00:00,11:00:00
F-7 Markaz,11:01:36,11:01:56
Kohsar Road,11:04:08,11:04:28
Parveen Shakir Road,11:06:08,11:06:28
Faisal Masjid,11:09:25,11:09:45
Naval Complex,11:12:05,11:12:25
Bahria University,11:13:35,11:13:55
Shaheen Chowk,11:16:45,11:17:05
F-9 Park,11:17:45,11:18:05
F-8 Markaz,11:20:15,11:20:35
Katchery,11:21:45,11:22:05
PIMS Metro Station,11:24:55,11:25:15
PIMS Hospital,11:30:00,11:30:00
Flower Market,11:10:00,11:10:00
F-7 Markaz,11:11:36,11:11:56
Kohsar Road,11:14:08,11:14:28
Parveen Shakir Road,11:16:08,11:16:28
Faisal Masjid,11:19:25,11:19:45
Naval Complex,11:22:05,11:22:25
Bahria University,11:23:35,11:23:55
Shaheen Chowk,11:26:45,11:27:05
F-9 Park,11:27:45,11:28:05
F-8 Markaz,11:30:15,11:30:35
Katchery,11:31:45,11:32:05
PIMS Metro Station,11:34:55,11:35:15
PIMS Hospital,11:40:00,11:40:00
Flower Market,11:20:00,11:20:00
F-7 Markaz,11:21:36,11:21:56
Kohsar Road,11:24:08,11:24:28
Parveen Shakir Road,11:26:08,11:26:28
Faisal Masjid,11:29:25,11:29:45
Naval Complex,11:32:05,11:32:25
Bahria University,11:33:35,11:33:55
Shaheen Chowk,11:36:45,11:37:05
F-9 Park,11:37:45,11:38:05
F-8 Markaz,11:40:15,11:40:35
Katchery,11:41:45,11:42:05
PIMS Metro Station,11:44:55,11:45:15
PIMS Hospital,11:50:00,11:50:00
Flower Market,11:30:00,11:30:00
F-7 Markaz,11:31:36,11:31:56
Kohsar Road,11:34:08,11:34:28
Parveen Shakir Road,11:36:08,11:36:28
Faisal Masjid,11:39:25,11:39:45
Naval Complex,11:42:05,11:42:25
Bahria University,11:43:35,11:43:55
Shaheen Chowk,11:46:45,11:47:05
F-9 Park,11:47:45,11:48:05
F-8 Markaz,11:50:15,11:50:35
Katchery,11:51:45,11:52:05
PIMS Metro Station,11:54:55,11:55:15
PIMS Hospital,12:00:00,12:00:00
Flower Market,11:40:00,11:40:00
F-7 Markaz,11:41:36,11:41:56
Kohsar Road,11:44:08,11:44:28
Parveen Shakir Road,11:46:08,11:46:28
Faisal Masjid,11:49:25,11:49:45
Naval Complex,11:52:05,11:52:25
Bahria University,11:53:35,11:53:55
Shaheen Chowk,11:56:45,11:57:05
F-9 Park,11:57:45,11:58:05
F-8 Markaz,12:00:15,12:00:35
Katchery,12:01:45,12:02:05
PIMS Metro Station,12:04:55,12:05:15
PIMS Hospital,12:10:00,12:10:00
Flower Market,11:50:00,11:50:00
F-7 Markaz,11:51:36,11:51:56
Kohsar Road,11:54:08,11:54:28
Parveen Shakir Road,11:56:08,11:56:28
Faisal Masjid,11:59:25,11:59:45
Naval Complex,12:02:05,12:02:25
Bahria University,12:03:35,12:03:55
Shaheen Chowk,12:06:45,12:07:05
F-9 Park,12:07:45,12:08:05
F-8 Markaz,12:10:15,12:10:35
Katchery,12:11:45,12:12:05
PIMS Metro Station,12:14:55,12:15:15
PIMS Hospital,12:20:00,12:20:00
Flower Market,12:00:00,12:00:00
F-7 Markaz,12:01:36,12:01:56
Kohsar Road,12:04:08,12:04:28
Parveen Shakir Road,12:06:08,12:06:28
Faisal Masjid,12:09:25,12:09:45
Naval Complex,12:12:05,12:12:25
Bahria University,12:13:35,12:13:55
Shaheen Chowk,12:16:45,12:17:05
F-9 Park,12:17:45,12:18:05
F-8 Markaz,12:20:15,12:20:35
Katchery,12:21:45,12:22:05
PIMS Metro Station,12:24:55,12:25:15
PIMS Hospital,12:30:00,12:30:00
Flower Market,12:10:00,12:10:00
F-7 Markaz,12:11:36,12:11:56
Kohsar Road,12:14:08,12:14:28
Parveen Shakir Road,12:16:08,12:16:28
Faisal Masjid,12:19:25,12:19:45
Naval Complex,12:22:05,12:22:25
Bahria University,12:23:35,12:23:55
Shaheen Chowk,12:26:45,12:27:05
F-9 Park,12:27:45,12:28:05
F-8 Markaz,12:30:15,12:30:35
Katchery,12:31:45,12:32:05
PIMS Metro Station,12:34:55,12:35:15
PIMS Hospital,12:40:00,12:40:00
Flower Market,12:20:00,12:20:00
F-7 Markaz,12:21:36,12:21:56
Kohsar Road,12:24:08,12:24:28
Parveen Shakir Road,12:26:08,12:26:28
Faisal Masjid,12:29:25,12:29:45
Naval Complex,12:32:05,12:32:25
Bahria University,12:33:35,12:33:55
Shaheen Chowk,12:36:45,12:37:05
F-9 Park,12:37:45,12:38:05
F-8 Markaz,12:40:15,12:40:35
Katchery,12:41:45,12:42:05
PIMS Metro Station,12:44:55,12:45:15
PIMS Hospital,12:50:00,12:50:00
Flower Market,12:30:00,12:30:00
F-7 Markaz,12:31:36,12:31:56
Kohsar Road,12:34:08,12:34:28
Parveen Shakir Road,12:36:08,12:36:28
Faisal Masjid,12:39:25,12:39:45
Naval Complex,12:42:05,12:42:25
Bahria University,12:43:35,12:43:55
Shaheen Chowk,12:46:45,12:47:05
F-9 Park,12:47:45,12:48:05
F-8 Markaz,12:50:15,12:50:35
Katchery,12:51:45,12:52:05
PIMS Metro Station,12:54:55,12:55:15
PIMS Hospital,13:00:00,13:00:00
Flower Market,12:40:00,12:40:00
F-7 Markaz,12:41:36,12:41:56
Kohsar Road,12:44:08,12:44:28
Parveen Shakir Road,12:46:08,12:46:28
Faisal Masjid,12:49:25,12:49:45
Naval Complex,12:52:05,12:52:25
Bahria University,12:53:35,12:53:55
Shaheen Chowk,12:56:45,12:57:05
F-9 Park,12:57:45,12:58:05
F-8 Markaz,13:00:15,13:00:35
Katchery,13:01:45,13:02:05
PIMS Metro Station,13:04:55,13:05:15
PIMS Hospital,13:10:00,13:10:00
Flower Market,12:50:00,12:50:00
F-7 Markaz,12:51:36,12:51:56
Kohsar Road,12:54:08,12:54:28
Parveen Shakir Road,12:56:08,12:56:28
Faisal Masjid,12:59:25,12:59:45
Naval Complex,13:02:05,13:02:25
Bahria University,13:03:35,13:03:55
Shaheen Chowk,13:06:45,13:07:05
F-9 Park,13:07:45,13:08:05
F-8 Markaz,13:10:15,13:10:35
Katchery,13:11:45,13:12:05
PIMS Metro Station,13:14:55,13:15:15
PIMS Hospital,13:20:00,13:20:00
Flower Market,13:00:00,13:00:00
F-7 Markaz,13:01:36,13:01:56
Kohsar Road,13:04:08,13:04:28
Parveen Shakir Road,13:06:08,13:06:28
Faisal Masjid,13:09:25,13:09:45
Naval Complex,13:12:05,13:12:25
Bahria University,13:13:35,13:13:55
Shaheen Chowk,13:16:45,13:17:05
F-9 Park,13:17:45,13:18:05
F-8 Markaz,13:20:15,13:20:35
Katchery,13:21:45,13:22:05
PIMS Metro Station,13:24:55,13:25:15
PIMS Hospital,13:30:00,13:30:00
Flower Market,13:10:00,13:10:00
F-7 Markaz,13:11:36,13:11:56
Kohsar Road,13:14:08,13:14:28
Parveen Shakir Road,13:16:08,13:16:28
Faisal Masjid,13:19:25,13:19:45
Naval Complex,13:22:05,13:22:25
Bahria University,13:23:35,13:23:55
Shaheen Chowk,13:26:45,13:27:05
F-9 Park,13:27:45,13:28:05
F-8 Markaz,13:30:15,13:30:35
Katchery,13:31:45,13:32:05
PIMS Metro Station,13:34:55,13:35:15
PIMS Hospital,13:40:00,13:40:00
Flower Market,13:20:00,13:20:00
F-7 Markaz,13:21:36,13:21:56
Kohsar Road,13:24:08,13:24:28
Parveen Shakir Road,13:26:08,13:26:28
Faisal Masjid,13:29:25,13:29:45
Naval Complex,13:32:05,13:32:25
Bahria University,13:33:35,13:33:55
Shaheen Chowk,13:36:45,13:37:05
F-9 Park,13:37:45,13:38:05
F-8 Markaz,13:40:15,13:40:35
Katchery,13:41:45,13:42:05
PIMS Metro Station,13:44:55,13:45:15
PIMS Hospital,13:50:00,13:50:00
Flower Market,13:30:00,13:30:00
F-7 Markaz,13:31:36,13:31:56
Kohsar Road,13:34:08,13:34:28
Parveen Shakir Road,13:36:08,13:36:28
Faisal Masjid,13:39:25,13:39:45
Naval Complex,13:42:05,13:42:25
Bahria University,13:43:35,13:43:55
Shaheen Chowk,13:46:45,13:47:05
F-9 Park,13:47:45,13:48:05
F-8 Markaz,13:50:15,13:50:35
Katchery,13:51:45,13:52:05
PIMS Metro Station,13:54:55,13:55:15
PIMS Hospital,14:00:00,14:00:00
Flower Market,13:40:00,13:40:00
F-7 Markaz,13:41:36,13:41:56
Kohsar Road,13:44:08,13:44:28
Parveen Shakir Road,13:46:08,13:46:28
Faisal Masjid,13:49:25,13:49:45
Naval Complex,13:52:05,13:52:25
Bahria University,13:53:35,13:53:55
Shaheen Chowk,13:56:45,13:57:05
F-9 Park,13:57:45,13:58:05
F-8 Markaz,14:00:15,14:00:35
Katchery,14:01:45,14:02:05
PIMS Metro Station,14:04:55,14:05:15
PIMS Hospital,14:10:00,14:10:00
Flower Market,13:50:00,13:50:00
F-7 Markaz,13:51:36,13:51:56
Kohsar Road,13:54:08,13:54:28
Parveen Shakir Road,13:56:08,13:56:28
Faisal Masjid,13:59:25,13:59:45
Naval Complex,14:02:05,14:02:25
Bahria University,14:03:35,14:03:55
Shaheen Chowk,14:06:45,14:07:05
F-9 Park,14:07:45,14:08:05
F-8 Markaz,14:10:15,14:10:35
Katchery,14:11:45,14:12:05
PIMS Metro Station,14:14:55,14:15:15
PIMS Hospital,14:20:00,14:20:00
Flower Market,14:00:00,14:00:00
F-7 Markaz,14:01:36,14:01:56
Kohsar Road,14:04:08,14:04:28
Parveen Shakir Road,14:06:08,14:06:28
Faisal Masjid,14:09:25,14:09:45
Naval Complex,14:12:05,14:12:25
Bahria University,14:13:35,14:13:55
Shaheen Chowk,14:16:45,14:17:05
F-9 Park,14:17:45,14:18:05
F-8 Markaz,14:20:15,14:20:35
Katchery,14:21:45,14:22:05
PIMS Metro Station,14:24:55,14:25:15
PIMS Hospital,14:30:00,14:30:00
Flower Market,14:20:00,14:20:00
F-7 Markaz,14:21:36,14:21:56
Kohsar Road,14:24:08,14:24:28
Parveen Shakir Road,14:26:08,14:26:28
Faisal Masjid,14:29:25,14:29:45
Naval Complex,14:32:05,14:32:25
Bahria University,14:33:35,14:33:55
Shaheen Chowk,14:36:45,14:37:05
F-9 Park,14:37:45,14:38:05
F-8 Markaz,14:40:15,14:40:35
Katchery,14:41:45,14:42:05
PIMS Metro Station,14:44:55,14:45:15
PIMS Hospital,14:50:00,14:50:00
Flower Market,14:30:00,14:30:00
F-7 Markaz,14:31:36,14:31:56
Kohsar Road,14:34:08,14:34:28
Parveen Shakir Road,14:36:08,14:36:28
Faisal Masjid,14:39:25,14:39:45
Naval Complex,14:42:05,14:42:25
Bahria University,14:43:35,14:43:55
Shaheen Chowk,14:46:45,14:47:05
F-9 Park,14:47:45,14:48:05
F-8 Markaz,14:50:15,14:50:35
Katchery,14:51:45,14:52:05
PIMS Metro Station,14:54:55,14:55:15
PIMS Hospital,15:00:00,15:00:00
Flower Market,14:40:00,14:40:00
F-7 Markaz,14:41:36,14:41:56
Kohsar Road,14:44:08,14:44:28
Parveen Shakir Road,14:46:08,14:46:28
Faisal Masjid,14:49:25,14:49:45
Naval Complex,14:52:05,14:52:25
Bahria University,14:53:35,14:53:55
Shaheen Chowk,14:56:45,14:57:05
F-9 Park,14:57:45,14:58:05
F-8 Markaz,15:00:15,15:00:35
Katchery,15:01:45,15:02:05
PIMS Metro Station,15:04:55,15:05:15
PIMS Hospital,15:10:00,15:10:00
Flower Market,14:50:00,14:50:00
F-7 Markaz,14:51:36,14:51:56
Kohsar Road,14:54:08,14:54:28
Parveen Shakir Road,14:56:08,14:56:28
Faisal Masjid,14:59:25,14:59:45
Naval Complex,15:02:05,15:02:25
Bahria University,15:03:35,15:03:55
Shaheen Chowk,15:06:45,15:07:05
F-9 Park,15:07:45,15:08:05
F-8 Markaz,15:10:15,15:10:35
Katchery,15:11:45,15:12:05
PIMS Metro Station,15:14:55,15:15:15
PIMS Hospital,15:20:00,15:20:00
Flower Market,15:00:00,15:00:00
F-7 Markaz,15:01:36,15:01:56
Kohsar Road,15:04:08,15:04:28
Parveen Shakir Road,15:06:08,15:06:28
Faisal Masjid,15:09:25,15:09:45
Naval Complex,15:12:05,15:12:25
Bahria University,15:13:35,15:13:55
Shaheen Chowk,15:16:45,15:17:05
F-9 Park,15:17:45,15:18:05
F-8 Markaz,15:20:15,15:20:35
Katchery,15:21:45,15:22:05
PIMS Metro Station,15:24:55,15:25:15
PIMS Hospital,15:30:00,15:30:00
Flower Market,15:10:00,15:10:00
F-7 Markaz,15:11:36,15:11:56
Kohsar Road,15:14:08,15:14:28
Parveen Shakir Road,15:16:08,15:16:28
Faisal Masjid,15:19:25,15:19:45
Naval Complex,15:22:05,15:22:25
Bahria University,15:23:35,15:23:55
Shaheen Chowk,15:26:45,15:27:05
F-9 Park,15:27:45,15:28:05
F-8 Markaz,15:30:15,15:30:35
Katchery,15:31:45,15:32:05
PIMS Metro Station,15:34:55,15:35:15
PIMS Hospital,15:40:00,15:40:00
Flower Market,15:20:00,15:20:00
F-7 Markaz,15:21:36,15:21:56
Kohsar Road,15:24:08,15:24:28
Parveen Shakir Road,15:26:08,15:26:28
Faisal Masjid,15:29:25,15:29:45
Naval Complex,15:32:05,15:32:25
Bahria University,15:33:35,15:33:55
Shaheen Chowk,15:36:45,15:37:05
F-9 Park,15:37:45,15:38:05
F-8 Markaz,15:40:15,15:40:35
Katchery,15:41:45,15:42:05
PIMS Metro Station,15:44:55,15:45:15
PIMS Hospital,15:50:00,15:50:00
Flower Market,15:30:00,15:30:00
F-7 Markaz,15:31:36,15:31:56
Kohsar Road,15:34:08,15:34:28
Parveen Shakir Road,15:36:08,15:36:28
Faisal Masjid,15:39:25,15:39:45
Naval Complex,15:42:05,15:42:25
Bahria University,15:43:35,15:43:55
Shaheen Chowk,15:46:45,15:47:05
F-9 Park,15:47:45,15:48:05
F-8 Markaz,15:50:15,15:50:35
Katchery,15:51:45,15:52:05
PIMS Metro Station,15:54:55,15:55:15
PIMS Hospital,16:00:00,16:00:00
Flower Market,15:40:00,15:40:00
F-7 Markaz,15:41:36,15:41:56
Kohsar Road,15:44:08,15:44:28
Parveen Shakir Road,15:46:08,15:46:28
Faisal Masjid,15:49:25,15:49:45
Naval Complex,15:52:05,15:52:25
Bahria University,15:53:35,15:53:55
Shaheen Chowk,15:56:45,15:57:05
F-9 Park,15:57:45,15:58:05
F-8 Markaz,16:00:15,16:00:35
Katchery,16:01:45,16:02:05
PIMS Metro Station,16:04:55,16:05:15
PIMS Hospital,16:10:00,16:10:00
Flower Market,15:50:00,15:50:00
F-7 Markaz,15:51:36,15:51:56
Kohsar Road,15:54:08,15:54:28
Parveen Shakir Road,15:56:08,15:56:28
Faisal Masjid,15:59:25,15:59:45
Naval Complex,16:02:05,16:02:25
Bahria University,16:03:35,16:03:55
Shaheen Chowk,16:06:45,16:07:05
F-9 Park,16:07:45,16:08:05
F-8 Markaz,16:10:15,16:10:35
Katchery,16:11:45,16:12:05
PIMS Metro Station,16:14:55,16:15:15
PIMS Hospital,16:20:00,16:20:00
Flower Market,16:00:00,16:00:00
F-7 Markaz,16:01:36,16:01:56
Kohsar Road,16:04:08,16:04:28
Parveen Shakir Road,16:06:08,16:06:28
Faisal Masjid,16:09:25,16:09:45
Naval Complex,16:12:05,16:12:25
Bahria University,16:13:35,16:13:55
Shaheen Chowk,16:16:45,16:17:05
F-9 Park,16:17:45,16:18:05
F-8 Markaz,16:20:15,16:20:35
Katchery,16:21:45,16:22:05
PIMS Metro Station,16:24:55,16:25:15
PIMS Hospital,16:30:00,16:30:00
Flower Market,16:10:00,16:10:00
F-7 Markaz,16:11:36,16:11:56
Kohsar Road,16:14:08,16:14:28
Parveen Shakir Road,16:16:08,16:16:28
Faisal Masjid,16:19:25,16:19:45
Naval Complex,16:22:05,16:22:25
Bahria University,16:23:35,16:23:55
Shaheen Chowk,16:26:45,16:27:05
F-9 Park,16:27:45,16:28:05
F-8 Markaz,16:30:15,16:30:35
Katchery,16:31:45,16:32:05
PIMS Metro Station,16:34:55,16:35:15
PIMS Hospital,16:40:00,16:40:00
Flower Market,16:20:00,16:20:00
F-7 Markaz,16:21:36,16:21:56
Kohsar Road,16:24:08,16:24:28
Parveen Shakir Road,16:26:08,16:26:28
Faisal Masjid,16:29:25,16:29:45
Naval Complex,16:32:05,16:32:25
Bahria University,16:33:35,16:33:55
Shaheen Chowk,16:36:45,16:37:05
F-9 Park,16:37:45,16:38:05
F-8 Markaz,16:40:15,16:40:35
Katchery,16:41:45,16:42:05
PIMS Metro Station,16:44:55,16:45:15
PIMS Hospital,16:50:00,16:50:00
Flower Market,16:30:00,16:30:00
F-7 Markaz,16:31:36,16:31:56
Kohsar Road,16:34:08,16:34:28
Parveen Shakir Road,16:36:08,16:36:28
Faisal Masjid,16:39:25,16:39:45
Naval Complex,16:42:05,16:42:25
Bahria University,16:43:35,16:43:55
Shaheen Chowk,16:46:45,16:47:05
F-9 Park,16:47:45,16:48:05
F-8 Markaz,16:50:15,16:50:35
Katchery,16:51:45,16:52:05
PIMS Metro Station,16:54:55,16:55:15
PIMS Hospital,17:00:00,17:00:00
Flower Market,16:40:00,16:40:00
F-7 Markaz,16:41:36,16:41:56
Kohsar Road,16:44:08,16:44:28
Parveen Shakir Road,16:46:08,16:46:28
Faisal Masjid,16:49:25,16:49:45
Naval Complex,16:52:05,16:52:25
Bahria University,16:53:35,16:53:55
Shaheen Chowk,16:56:45,16:57:05
F-9 Park,16:57:45,16:58:05
F-8 Markaz,17:00:15,17:00:35
Katchery,17:01:45,17:02:05
PIMS Metro Station,17:04:55,17:05:15
PIMS Hospital,17:10:00,17:10:00
Flower Market,16:50:00,16:50:00
F-7 Markaz,16:51:36,16:51:56
Kohsar Road,16:54:08,16:54:28
Parveen Shakir Road,16:56:08,16:56:28
Faisal Masjid,16:59:25,16:59:45
Naval Complex,17:02:05,17:02:25
Bahria University,17:03:35,17:03:55
Shaheen Chowk,17:06:45,17:07:05
F-9 Park,17:07:45,17:08:05
F-8 Markaz,17:10:15,17:10:35
Katchery,17:11:45,17:12:05
PIMS Metro Station,17:14:55,17:15:15
PIMS Hospital,17:20:00,17:20:00
Flower Market,17:00:00,17:00:00
F-7 Markaz,17:01:36,17:01:56
Kohsar Road,17:04:08,17:04:28
Parveen Shakir Road,17:06:08,17:06:28
Faisal Masjid,17:09:25,17:09:45
Naval Complex,17:12:05,17:12:25
Bahria University,17:13:35,17:13:55
Shaheen Chowk,17:16:45,17:17:05
F-9 Park,17:17:45,17:18:05
F-8 Markaz,17:20:15,17:20:35
Katchery,17:21:45,17:22:05
PIMS Metro Station,17:24:55,17:25:15
PIMS Hospital,17:30:00,17:30:00
Flower Market,17:10:00,17:10:00
F-7 Markaz,17:11:36,17:11:56
Kohsar Road,17:14:08,17:14:28
Parveen Shakir Road,17:16:08,17:16:28
Faisal Masjid,17:19:25,17:19:45
Naval Complex,17:22:05,17:22:25
Bahria University,17:23:35,17:23:55
Shaheen Chowk,17:26:45,17:27:05
F-9 Park,17:27:45,17:28:05
F-8 Markaz,17:30:15,17:30:35
Katchery,17:31:45,17:32:05
PIMS Metro Station,17:34:55,17:35:15
PIMS Hospital,17:40:00,17:40:00
Flower Market,17:20:00,17:20:00
F-7 Markaz,17:21:36,17:21:56
Kohsar Road,17:24:08,17:24:28
Parveen Shakir Road,17:26:08,17:26:28
Faisal Masjid,17:29:25,17:29:45
Naval Complex,17:32:05,17:32:25
Bahria University,17:33:35,17:33:55
Shaheen Chowk,17:36:45,17:37:05
F-9 Park,17:37:45,17:38:05
F-8 Markaz,17:40:15,17:40:35
Katchery,17:41:45,17:42:05
PIMS Metro Station,17:44:55,17:45:15
PIMS Hospital,17:50:00,17:50:00
Flower Market,17:30:00,17:30:00
F-7 Markaz,17:31:36,17:31:56
Kohsar Road,17:34:08,17:34:28
Parveen Shakir Road,17:36:08,17:36:28
Faisal Masjid,17:39:25,17:39:45
Naval Complex,17:42:05,17:42:25
Bahria University,17:43:35,17:43:55
Shaheen Chowk,17:46:45,17:47:05
F-9 Park,17:47:45,17:48:05
F-8 Markaz,17:50:15,17:50:35
Katchery,17:51:45,17:52:05
PIMS Metro Station,17:54:55,17:55:15
PIMS Hospital,18:00:00,18:00:00
Flower Market,17:40:00,17:40:00
F-7 Markaz,17:41:36,17:41:56
Kohsar Road,17:44:08,17:44:28
Parveen Shakir Road,17:46:08,17:46:28
Faisal Masjid,17:49:25,17:49:45
Naval Complex,17:52:05,17:52:25
Bahria University,17:53:35,17:53:55
Shaheen Chowk,17:56:45,17:57:05
F-9 Park,17:57:45,17:58:05
F-8 Markaz,18:00:15,18:00:35
Katchery,18:01:45,18:02:05
PIMS Metro Station,18:04:55,18:05:15
PIMS Hospital,18:10:00,18:10:00
Flower Market,17:50:00,17:50:00
F-7 Markaz,17:51:36,17:51:56
Kohsar Road,17:54:08,17:54:28
Parveen Shakir Road,17:56:08,17:56:28
Faisal Masjid,17:59:25,17:59:45
Naval Complex,18:02:05,18:02:25
Bahria University,18:03:35,18:03:55
Shaheen Chowk,18:06:45,18:07:05
F-9 Park,18:07:45,18:08:05
F-8 Markaz,18:10:15,18:10:35
Katchery,18:11:45,18:12:05
PIMS Metro Station,18:14:55,18:15:15
PIMS Hospital,18:20:00,18:20:00
Flower Market,18:00:00,18:00:00
F-7 Markaz,18:01:36,18:01:56
Kohsar Road,18:04:08,18:04:28
Parveen Shakir Road,18:06:08,18:06:28
Faisal Masjid,18:09:25,18:09:45
Naval Complex,18:12:05,18:12:25
Bahria University,18:13:35,18:13:55
Shaheen Chowk,18:16:45,18:17:05
F-9 Park,18:17:45,18:18:05
F-8 Markaz,18:20:15,18:20:35
Katchery,18:21:45,18:22:05
PIMS Metro Station,18:24:55,18:25:15
PIMS Hospital,18:30:00,18:30:00
Flower Market,18:10:00,18:10:00
F-7 Markaz,18:11:36,18:11:56
Kohsar Road,18:14:08,18:14:28
Parveen Shakir Road,18:16:08,18:16:28
Faisal Masjid,18:19:25,18:19:45
Naval Complex,18:22:05,18:22:25
Bahria University,18:23:35,18:23:55
Shaheen Chowk,18:26:45,18:27:05
F-9 Park,18:27:45,18:28:05
F-8 Markaz,18:30:15,18:30:35
Katchery,18:31:45,18:32:05
PIMS Metro Station,18:34:55,18:35:15
PIMS Hospital,18:40:00,18:40:00
Flower Market,18:30:00,18:30:00
F-7 Markaz,18:31:36,18:31:56
Kohsar Road,18:34:08,18:34:28
Parveen Shakir Road,18:36:08,18:36:28
Faisal Masjid,18:39:25,18:39:45
Naval Complex,18:42:05,18:42:25
Bahria University,18:43:35,18:43:55
Shaheen Chowk,18:46:45,18:47:05
F-9 Park,18:47:45,18:48:05
F-8 Markaz,18:50:15,18:50:35
Katchery,18:51:45,18:52:05
PIMS Metro Station,18:54:55,18:55:15
PIMS Hospital,19:00:00,19:00:00
Flower Market,18:40:00,18:40:00
F-7 Markaz,18:41:36,18:41:56
Kohsar Road,18:44:08,18:44:28
Parveen Shakir Road,18:46:08,18:46:28
Faisal Masjid,18:49:25,18:49:45
Naval Complex,18:52:05,18:52:25
Bahria University,18:53:35,18:53:55
Shaheen Chowk,18:56:45,18:57:05
F-9 Park,18:57:45,18:58:05
F-8 Markaz,19:00:15,19:00:35
Katchery,19:01:45,19:02:05
PIMS Metro Station,19:04:55,19:05:15
PIMS Hospital,19:10:00,19:10:00
Flower Market,18:50:00,18:50:00
F-7 Markaz,18:51:36,18:51:56
Kohsar Road,18:54:08,18:54:28
Parveen Shakir Road,18:56:08,18:56:28
Faisal Masjid,18:59:25,18:59:45
Naval Complex,19:02:05,19:02:25
Bahria University,19:03:35,19:03:55
Shaheen Chowk,19:06:45,19:07:05
F-9 Park,19:07:45,19:08:05
F-8 Markaz,19:10:15,19:10:35
Katchery,19:11:45,19:12:05
PIMS Metro Station,19:14:55,19:15:15
PIMS Hospital,19:20:00,19:20:00
Flower Market,19:00:00,19:00:00
F-7 Markaz,19:01:36,19:01:56
Kohsar Road,19:04:08,19:04:28
Parveen Shakir Road,19:06:08,19:06:28
Faisal Masjid,19:09:25,19:09:45
Naval Complex,19:12:05,19:12:25
Bahria University,19:13:35,19:13:55
Shaheen Chowk,19:16:45,19:17:05
F-9 Park,19:17:45,19:18:05
F-8 Markaz,19:20:15,19:20:35
Katchery,19:21:45,19:22:05
PIMS Metro Station,19:24:55,19:25:15
PIMS Hospital,19:30:00,19:30:00
Flower Market,19:10:00,19:10:00
F-7 Markaz,19:11:36,19:11:56
Kohsar Road,19:14:08,19:14:28
Parveen Shakir Road,19:16:08,19:16:28
Faisal Masjid,19:19:25,19:19:45
Naval Complex,19:22:05,19:22:25
Bahria University,19:23:35,19:23:55
Shaheen Chowk,19:26:45,19:27:05
F-9 Park,19:27:45,19:28:05
F-8 Markaz,19:30:15,19:30:35
Katchery,19:31:45,19:32:05
PIMS Metro Station,19:34:55,19:35:15
PIMS Hospital,19:40:00,19:40:00
Flower Market,19:20:00,19:20:00
F-7 Markaz,19:21:36,19:21:56
Kohsar Road,19:24:08,19:24:28
Parveen Shakir Road,19:26:08,19:26:28
Faisal Masjid,19:29:25,19:29:45
Naval Complex,19:32:05,19:32:25
Bahria University,19:33:35,19:33:55
Shaheen Chowk,19:36:45,19:37:05
F-9 Park,19:37:45,19:38:05
F-8 Markaz,19:40:15,19:40:35
Katchery,19:41:45,19:42:05
PIMS Metro Station,19:44:55,19:45:15
PIMS Hospital,19:50:00,19:50:00
Flower Market,19:30:00,19:30:00
F-7 Markaz,19:31:36,19:31:56
Kohsar Road,19:34:08,19:34:28
Parveen Shakir Road,19:36:08,19:36:28
Faisal Masjid,19:39:25,19:39:45
Naval Complex,19:42:05,19:42:25
Bahria University,19:43:35,19:43:55
Shaheen Chowk,19:46:45,19:47:05
F-9 Park,19:47:45,19:48:05
F-8 Markaz,19:50:15,19:50:35
Katchery,19:51:45,19:52:05
PIMS Metro Station,19:54:55,19:55:15
PIMS Hospital,20:00:00,20:00:00
Flower Market,19:40:00,19:40:00
F-7 Markaz,19:41:36,19:41:56
Kohsar Road,19:44:08,19:44:28
Parveen Shakir Road,19:46:08,19:46:28
Faisal Masjid,19:49:25,19:49:45
Naval Complex,19:52:05,19:52:25
Bahria University,19:53:35,19:53:55
Shaheen Chowk,19:56:45,19:57:05
F-9 Park,19:57:45,19:58:05
F-8 Markaz,20:00:15,20:00:35
Katchery,20:01:45,20:02:05
PIMS Metro Station,20:04:55,20:05:15
PIMS Hospital,20:10:00,20:10:00
Flower Market,19:50:00,19:50:00
F-7 Markaz,19:51:36,19:51:56
Kohsar Road,19:54:08,19:54:28
Parveen Shakir Road,19:56:08,19:56:28
Faisal Masjid,19:59:25,19:59:45
Naval Complex,20:02:05,20:02:25
Bahria University,20:03:35,20:03:55
Shaheen Chowk,20:06:45,20:07:05
F-9 Park,20:07:45,20:08:05
F-8 Markaz,20:10:15,20:10:35
Katchery,20:11:45,20:12:05
PIMS Metro Station,20:14:55,20:15:15
PIMS Hospital,20:20:00,20:20:00
Flower Market,20:00:00,20:00:00
F-7 Markaz,20:01:36,20:01:56
Kohsar Road,20:04:08,20:04:28
Parveen Shakir Road,20:06:08,20:06:28
Faisal Masjid,20:09:25,20:09:45
Naval Complex,20:12:05,20:12:25
Bahria University,20:13:35,20:13:55
Shaheen Chowk,20:16:45,20:17:05
F-9 Park,20:17:45,20:18:05
F-8 Markaz,20:20:15,20:20:35
Katchery,20:21:45,20:22:05
PIMS Metro Station,20:24:55,20:25:15
PIMS Hospital,20:30:00,20:30:00
Flower Market,20:10:00,20:10:00
F-7 Markaz,20:11:36,20:11:56
Kohsar Road,20:14:08,20:14:28
Parveen Shakir Road,20:16:08,20:16:28
Faisal Masjid,20:19:25,20:19:45
Naval Complex,20:22:05,20:22:25
Bahria University,20:23:35,20:23:55
Shaheen Chowk,20:26:45,20:27:05
F-9 Park,20:27:45,20:28:05
F-8 Markaz,20:30:15,20:30:35
Katchery,20:31:45,20:32:05
PIMS Metro Station,20:34:55,20:35:15
PIMS Hospital,20:40:00,20:40:00
Flower Market,20:20:00,20:20:00
F-7 Markaz,20:21:36,20:21:56
Kohsar Road,20:24:08,20:24:28
Parveen Shakir Road,20:26:08,20:26:28
Faisal Masjid,20:29:25,20:29:45
Naval Complex,20:32:05,20:32:25
Bahria University,20:33:35,20:33:55
Shaheen Chowk,20:36:45,20:37:05
F-9 Park,20:37:45,20:38:05
F-8 Markaz,20:40:15,20:40:35
Katchery,20:41:45,20:42:05
PIMS Metro Station,20:44:55,20:45:15
PIMS Hospital,20:50:00,20:50:00
Flower Market,20:30:00,20:30:00
F-7 Markaz,20:31:36,20:31:56
Kohsar Road,20:34:08,20:34:28
Parveen Shakir Road,20:36:08,20:36:28
Faisal Masjid,20:39:25,20:39:45
Naval Complex,20:42:05,20:42:25
Bahria University,20:43:35,20:43:55
Shaheen Chowk,20:46:45,20:47:05
F-9 Park,20:47:45,20:48:05
F-8 Markaz,20:50:15,20:50:35
Katchery,20:51:45,20:52:05
PIMS Metro Station,20:54:55,20:55:15
PIMS Hospital,21:00:00,21:00:00
Flower Market,20:40:00,20:40:00
F-7 Markaz,20:41:36,20:41:56
Kohsar Road,20:44:08,20:44:28
Parveen Shakir Road,20:46:08,20:46:28
Faisal Masjid,20:49:25,20:49:45
Naval Complex,20:52:05,20:52:25
Bahria University,20:53:35,20:53:55
Shaheen Chowk,20:56:45,20:57:05
F-9 Park,20:57:45,20:58:05
F-8 Markaz,21:00:15,21:00:35
Katchery,21:01:45,21:02:05
PIMS Metro Station,21:04:55,21:05:15
PIMS Hospital,21:10:00,21:10:00
Flower Market,20:50:00,20:50:00
F-7 Markaz,20:51:36,20:51:56
Kohsar Road,20:54:08,20:54:28
Parveen Shakir Road,20:56:08,20:56:28
Faisal Masjid,20:59:25,20:59:45
Naval Complex,21:02:05,21:02:25
Bahria University,21:03:35,21:03:55
Shaheen Chowk,21:06:45,21:07:05
F-9 Park,21:07:45,21:08:05
F-8 Markaz,21:10:15,21:10:35
Katchery,21:11:45,21:12:05
PIMS Metro Station,21:14:55,21:15:15
PIMS Hospital,21:20:00,21:20:00
Flower Market,21:00:00,21:00:00
F-7 Markaz,21:01:36,21:01:56
Kohsar Road,21:04:08,21:04:28
Parveen Shakir Road,21:06:08,21:06:28
Faisal Masjid,21:09:25,21:09:45
Naval Complex,21:12:05,21:12:25
Bahria University,21:13:35,21:13:55
Shaheen Chowk,21:16:45,21:17:05
F-9 Park,21:17:45,21:18:05
F-8 Markaz,21:20:15,21:20:35
Katchery,21:21:45,21:22:05
PIMS Metro Station,21:24:55,21:25:15
PIMS Hospital,21:30:00,21:30:00
Flower Market,21:10:00,21:10:00
F-7 Markaz,21:11:36,21:11:56
Kohsar Road,21:14:08,21:14:28
Parveen Shakir Road,21:16:08,21:16:28
Faisal Masjid,21:19:25,21:19:45
Naval Complex,21:22:05,21:22:25
Bahria University,21:23:35,21:23:55
Shaheen Chowk,21:26:45,21:27:05
F-9 Park,21:27:45,21:28:05
F-8 Markaz,21:30:15,21:30:35
Katchery,21:31:45,21:32:05
PIMS Metro Station,21:34:55,21:35:15
PIMS Hospital,21:40:00,21:40:00
Flower Market,21:20:00,21:20:00
F-7 Markaz,21:21:36,21:21:56
Kohsar Road,21:24:08,21:24:28
Parveen Shakir Road,21:26:08,21:26:28
Faisal Masjid,21:29:25,21:29:45
Naval Complex,21:32:05,21:32:25
Bahria University,21:33:35,21:33:55
Shaheen Chowk,21:36:45,21:37:05
F-9 Park,21:37:45,21:38:05
F-8 Markaz,21:40:15,21:40:35
Katchery,21:41:45,21:42:05
PIMS Metro Station,21:44:55,21:45:15
PIMS Hospital,21:50:00,21:50:00
Flower Market,21:30:00,21:30:00
F-7 Markaz,21:31:36,21:31:56
Kohsar Road,21:34:08,21:34:28
Parveen Shakir Road,21:36:08,21:36:28
Faisal Masjid,21:39:25,21:39:45
Naval Complex,21:42:05,21:42:25
Bahria University,21:43:35,21:43:55
Shaheen Chowk,21:46:45,21:47:05
F-9 Park,21:47:45,21:48:05
F-8 Markaz,21:50:15,21:50:35
Katchery,21:51:45,21:52:05
PIMS Metro Station,21:54:55,21:55:15
PIMS Hospital,22:00:00,22:00:00
Flower Market,21:40:00,21:40:00
F-7 Markaz,21:41:36,21:41:56
Kohsar Road,21:44:08,21:44:28
Parveen Shakir Road,21:46:08,21:46:28
Faisal Masjid,21:49:25,21:49:45
Naval Complex,21:52:05,21:52:25
Bahria University,21:53:35,21:53:55
Shaheen Chowk,21:56:45,21:57:05
F-9 Park,21:57:45,21:58:05
F-8 Markaz,22:00:15,22:00:35
Katchery,22:01:45,22:02:05
PIMS Metro Station,22:04:55,22:05:15
PIMS Hospital,22:10:00,22:10:00
Flower Market,21:50:00,21:50:00
F-7 Markaz,21:51:36,21:51:56
Kohsar Road,21:54:08,21:54:28
Parveen Shakir Road,21:56:08,21:56:28
Faisal Masjid,21:59:25,21:59:45
Naval Complex,22:02:05,22:02:25
Bahria University,22:03:35,22:03:55
Shaheen Chowk,22:06:45,22:07:05
F-9 Park,22:07:45,22:08:05
F-8 Markaz,22:10:15,22:10:35
Katchery,22:11:45,22:12:05
PIMS Metro Station,22:14:55,22:15:15
PIMS Hospital,22:20:00,22:20:00
Flower Market,22:00:00,22:00:00
F-7 Markaz,22:01:36,22:01:56
Kohsar Road,22:04:08,22:04:28
Parveen Shakir Road,22:06:08,22:06:28
Faisal Masjid,22:09:25,22:09:45
Naval Complex,22:12:05,22:12:25
Bahria University,22:13:35,22:13:55
Shaheen Chowk,22:16:45,22:17:05
F-9 Park,22:17:45,22:18:05
F-8 Markaz,22:20:15,22:20:35
Katchery,22:21:45,22:22:05
PIMS Metro Station,22:24:55,22:25:15
PIMS Hospital,22:30:00,22:30:00
